[
    {
        "scope": "AllAccess",
        "AddressSpace": {
            "DeploymentStage": {
                "Development": "10.85.18.0/23",
                "Canary": "10.85.12.0/23",
                "Preview": "10.85.14.0/23",
                "GeneralAvailability": "10.85.16.0/23"
            }
        },
        "SubnetMask": {
            "DeploymentStage": {
                "Development": "27",
                "Canary": "27",
                "Preview": "27",
                "GeneralAvailability": "27"
            }
        }
    },
    {
        "scope": "Management",
        "AddressSpace": {
            "DeploymentStage": {
                "Development": "10.85.19.225/27",
                "GeneralAvailability": "10.85.17.225/27",
                "Preview": "10.85.15.225/27"
            }
        },
        "SubnetMask": {
            "DeploymentStage": {
                "Development": "28",
                "GeneralAvailability": "28",
                "Preview": "28"
            }
        }
    },
    {
        "scope": "VirtualNetwork",
        "AddressSpace": {
            "DeploymentStage": {
                "Development": "10.85.18.0/23",
                "Canary": "10.85.12.0/23",
                "Preview": "10.85.14.0/23",
                "GeneralAvailability": "10.85.16.0/23"
            }
        },
        "SubnetMask": "28"
    }
]